Bangalore,Bandipur,Mangalore,Coorg,Hampi,Mysore,Jog Falls,Saklespur,Dandeli,Murudeshwar,,Kolkata,Darjeeling,Siliguri,Hooghly,Jalpaiguri,Shantiniketan,,Aurangabad,Lonavala,Ratnagiri,Matheran,Mumbai,,Delhi,,Kullu,Manali,Shimla,Dharamshala,Dalhousie,Kasauli,,Lucknow,Varanasi,Mathura,Fatehpur Sikri,Jhansi,Agra,,Rajkot,Bhuj,Somnath,Ahmedabad,,Srinagar,Leh,Ladakh,Gulmarg,Kargil,Sonmarg,,Jaipur,Udaipur,Jodhpur,Jaisalmer,Mount Abu,Ajmer,,Golden Temple Amritsar,Wagah Border,Rock Garden,Jallianwala Bagh,,Munnar,Wayanad,Kumarakom,Kovalam,,Goa
Commercial Street,Main Bazar,Central Market,Shop and Stop Store,Hampi Bazar,Devaraja Market,City Shopping,New Kerala Stores,Archana Jewellers,Lavancha Handicrafts,,New Market and Chowringhee Road,Nehru Road,City Centre,JDS Trend Setters,Geeta Fashions,Poush Mela,,Paithani Weaving Center,A-1 Chikki,Suhas Shopping Center,Crown Plaza,Colaba Causeway Market,,Dilli Haat,,Akhara Bazar,Old Manali Market,The Mall,Jogibara Road,Gandhi Chowk,The Mall Road,,Hazratganj,UP Cottage Emporium,Tilak Dwar Market,The Daily Market,Sadar Bazar,Sadar Bazar,,Gujari Bazar,Bhuj Haat Market,Apna Bazar,Bandhej,,Lal Chowk,De Pashmina Emporium,Ladakh Art Palace,The Attic Snowboard Shop,Main Market,Main Market,,Johari Bazar,Hathi Pol Bazaar,Clock Tower Market,Manak Chowk,Piccadilly Plaza,Naya Bazaar,,Hall Bazaar,Khanwala Bazaar,KC Shopping Mall,Bazaar Maisewan,,Kanan Devan Hills Plantations,Market Road,Kerala Album Art Gallery,Beachside Shacks,,Flea Market at Anjuna Beach
Jayanagar 4th Block,The Shop,City Center Mall,Friday Market,Hoova Cratf Shop and Cafe,The Heritage,,,JK Cloth Stores,,,Dakshinapan Shopping Center,Batasia Loop Market,Hong Kong Market,Sweety Plaza,Dinbazar Main Market,Amar Kutir,,Gul Mandi,Lonavala Bazar,Ansal Plaza,Kolhapuri Footwear,Fashion Street,,Janpath Market,,Tibetan Bazar,Himachal Emporium,Himachal Emporium,Kotwali Bazar,Tibetan Market,Tibetian Market,,Aminabad,The Bed Silk and Pashmina,Chatta Bazar,Ashok Cosmos Mall,Sipri Bazar,Subhash Bazar,,Gundawadi,Old City Market,,Lal Darwaza Market,,Polo View,Pashmina House,Ecology Centre,Shabab Textiles,,,,Tripolia Bazar,Bada Bazaar,Nai Sarak,Pansari Bazaar,Bansilal Bhurmal,Dargah Bazaar,,Guru Bazaar,kabir Market,DLF City Centre,Golden Temple Market,,Aranya Naturals,The Focus Mall,Kumarakom Craft Museum,Tibetan Handicrafts,,Night Market at Arpora
Brigade Road,,Empire Mall,Kushal Nagar Market,,Sandalwood Oil Factory,,,,,,Bara Bazar,Teesta Bazar,Vega Circle Mall,City Choice,Club Road,Shanibarer Haat,,Connaught Shopping Market,Patrawala - Designer Saree Studio,Emrant Spring Centre Mall,,Hill Road,,Paharjang,,Sultanpur Market,Tibetan Market,Tibetan Market,Tibetan Handicraft Center,,Kasauli Upper Mall,,Chowk,Thateri Bazar,Lal Bazar,,Manik Chowk,Kinari Bazar,,Crystal Mall,,,Sindhi Market,,Badshah Chowk,Tibetan Market,Cottage Industry Exposition,The Main Market,,,,Chandpole Bazar,Chetak Circle,Sojati Gate Market,Sonaron ka Baas,Chacha Museum,Mahila Mandi,,Lahori Gate Market,,,,,Munnar Market,,,,,Tibetan Market on Baga Road
MG Road,,,The Flea Market,,Mall of Mysore,,,,,,,Pashupati Nagar Market,Cosmos Mall,Big Bazar,Race course,,,Nirula Bazar,,,,Linking Road,,Chandni Chowk,,Bhuttico and Himbunkar,Manu Market,Lower Bazar,Green Shop,,Lower Mall,,Alambagh,Golghar,Highway Plaza,,Nagra,TDI Mall,,Bangdi Bazar,,,Dhalgarwad,,Floating Market,Moti Market,Tibetan Handicraft Emporium,,,,,Tibbati Bazar,Bapu Bazaar,Mochi Bazaar,Bhatia Bazaar,Kashmir Cottage Emporium,,,,,,,,,,,,,Baga-Calangute Road
Avenue Road,,,Food Banq,,,,,,,,,,,,,,,Himroo Factory,,,,Lokhandwala Market,,Sarojini Market,,,The Mall Road,Lakkar Bazar,Village Boutique,,,,Nakhas,Godowila,Krishna Nagar Market,,,,,,,,,,,,,,,,,,,Kapraa Bazaar,Sadar Bazaar,,,,,,,,,,,,,,Panjim Market
,,,,,,,,,,,,,,,,,,,,,,Crawford Market,,Connaught Place,,,Bhuttico,,Palaco Hand-made Crafts,,,,Janpath Market,,Holygate,,,,,,,,,,,,,,,,,,,,,,,,,,,,,,,,,,Le Souk
,,,,,,,,,,,,,,,,,,,,,,Hindmata Market,,Palika Bazar,,,,,,,,,Kapoorthala,,,,,,,,,,,,,,,,,,,,,,,,,,,,,,,,,,,,
,,,,,,,,,,,,,,,,,,,,,,,,DLF Emporio,,,,,,,,,,,,,,,,,,,,,,,,,,,,,,,,,,,,,,,,,,,,,
,,,,,,,,,,,,,,,,,,,,,,,,Pacific Mall,,,,,,,,,,,,,,,,,,,,,,,,,,,,,,,,,,,,,,,,,,,,,
